Brand,Model,Color,Retail_Price,Release_Date,Price_Premium,Avg_Sale_Price,Date_of_Sale,Time_of_Sale,Sneaker_Size,Sale_Price
Adidas,adidas Yeezy Boost 350 V2 Zebra,WHITE/CORE BLACK/RED,220.0,2/25/17,150.00%,$706 ,2018-02-11 00:00:00,1:32 AM EST,9.5,550.0
Adidas,adidas Yeezy Boost 350 V2 Zebra,WHITE/CORE BLACK/RED,220.0,2/25/17,150.00%,$706 ,2018-02-11 00:00:00,12:39 AM EST,14,550.0
Adidas,adidas Yeezy Boost 350 V2 Zebra,WHITE/CORE BLACK/RED,220.0,2/25/17,150.00%,$706 ,2018-02-11 00:00:00,12:25 AM EST,9.5,540.0
Adidas,adidas Yeezy Boost 350 V2 Zebra,WHITE/CORE BLACK/RED,220.0,2/25/17,150.00%,$706 ,2018-02-10 00:00:00,11:57 PM EST,11,555.0
Adidas,adidas Yeezy Boost 350 V2 Zebra,WHITE/CORE BLACK/RED,220.0,2/25/17,150.00%,$706 ,2018-02-10 00:00:00,10:15 PM EST,10.5,555.0
Adidas,adidas Yeezy Boost 350 V2 Zebra,WHITE/CORE BLACK/RED,220.0,2/25/17,150.00%,$706 ,2018-02-10 00:00:00,10:14 PM EST,5,573.0
Adidas,adidas Yeezy Boost 350 V2 Zebra,WHITE/CORE BLACK/RED,220.0,2/25/17,150.00%,$706 ,2018-02-10 00:00:00,9:48 PM EST,11,550.0
Adidas,adidas Yeezy Boost 350 V2 Zebra,WHITE/CORE BLACK/RED,220.0,2/25/17,150.00%,$706 ,2018-02-10 00:00:00,8:08 PM EST,7,572.0
Adidas,adidas Yeezy Boost 350 V2 Zebra,WHITE/CORE BLACK/RED,220.0,2/25/17,150.00%,$706 ,2018-02-10 00:00:00,8:05 PM EST,14,568.0
Adidas,adidas Yeezy Boost 350 V2 Zebra,WHITE/CORE BLACK/RED,220.0,2/25/17,150.00%,$706 ,2018-02-10 00:00:00,7:49 PM EST,10.5,555.0
Adidas,adidas Yeezy Boost 350 V2 Zebra,WHITE/CORE BLACK/RED,220.0,2/25/17,150.00%,$706 ,2018-02-10 00:00:00,7:34 PM EST,10,553.0
Adidas,adidas Yeezy Boost 350 V2 Zebra,WHITE/CORE BLACK/RED,220.0,2/25/17,150.00%,$706 ,2018-02-10 00:00:00,7:04 PM EST,9,525.0
Adidas,adidas Yeezy Boost 350 V2 Zebra,WHITE/CORE BLACK/RED,220.0,2/25/17,150.00%,$706 ,2018-02-10 00:00:00,6:23 PM EST,8.5,539.0
Adidas,adidas Yeezy Boost 350 V2 Zebra,WHITE/CORE BLACK/RED,220.0,2/25/17,150.00%,$706 ,2018-02-10 00:00:00,6:20 PM EST,10,550.0
Adidas,adidas Yeezy Boost 350 V2 Zebra,WHITE/CORE BLACK/RED,220.0,2/25/17,150.00%,$706 ,2018-02-10 00:00:00,6:18 PM EST,9.5,549.0
Adidas,adidas Yeezy Boost 350 V2 Zebra,WHITE/CORE BLACK/RED,220.0,2/25/17,150.00%,$706 ,2018-02-10 00:00:00,6:18 PM EST,6,599.0
Adidas,adidas Yeezy Boost 350 V2 Zebra,WHITE/CORE BLACK/RED,220.0,2/25/17,150.00%,$706 ,2018-02-10 00:00:00,4:35 PM EST,9,534.0
Adidas,adidas Yeezy Boost 350 V2 Zebra,WHITE/CORE BLACK/RED,220.0,2/25/17,150.00%,$706 ,2018-02-10 00:00:00,4:12 PM EST,12,580.0
Adidas,adidas Yeezy Boost 350 V2 Zebra,WHITE/CORE BLACK/RED,220.0,2/25/17,150.00%,$706 ,2018-02-10 00:00:00,4:08 PM EST,8,510.0
Adidas,adidas Yeezy Boost 350 V2 Zebra,WHITE/CORE BLACK/RED,220.0,2/25/17,150.00%,$706 ,2018-02-10 00:00:00,4:03 PM EST,12,582.0
Adidas,adidas Yeezy Boost 350 V2 Zebra,WHITE/CORE BLACK/RED,220.0,2/25/17,150.00%,$706 ,2018-02-10 00:00:00,2:39 PM EST,11,559.0
Adidas,adidas Yeezy Boost 350 V2 Zebra,WHITE/CORE BLACK/RED,220.0,2/25/17,150.00%,$706 ,2018-02-10 00:00:00,2:20 PM EST,11,557.0
Adidas,adidas Yeezy Boost 350 V2 Zebra,WHITE/CORE BLACK/RED,220.0,2/25/17,150.00%,$706 ,2018-02-10 00:00:00,2:18 PM EST,12,540.0
Adidas,adidas Yeezy Boost 350 V2 Zebra,WHITE/CORE BLACK/RED,220.0,2/25/17,150.00%,$706 ,2018-02-10 00:00:00,2:07 PM EST,9,527.0
Adidas,adidas Yeezy Boost 350 V2 Zebra,WHITE/CORE BLACK/RED,220.0,2/25/17,150.00%,$706 ,2018-02-10 00:00:00,2:07 PM EST,5,541.0
Adidas,adidas Yeezy Boost 350 V2 Zebra,WHITE/CORE BLACK/RED,220.0,2/25/17,150.00%,$706 ,2018-02-10 00:00:00,2:04 PM EST,10.5,574.0
Adidas,adidas Yeezy Boost 350 V2 Zebra,WHITE/CORE BLACK/RED,220.0,2/25/17,150.00%,$706 ,2018-02-10 00:00:00,2:02 PM EST,9,520.0
Adidas,adidas Yeezy Boost 350 V2 Zebra,WHITE/CORE BLACK/RED,220.0,2/25/17,150.00%,$706 ,2018-02-10 00:00:00,2:01 PM EST,9.5,535.0
Adidas,adidas Yeezy Boost 350 V2 Zebra,WHITE/CORE BLACK/RED,220.0,2/25/17,150.00%,$706 ,2018-02-10 00:00:00,1:17 PM EST,10,560.0
Adidas,adidas Yeezy Boost 350 V2 Zebra,WHITE/CORE BLACK/RED,220.0,2/25/17,150.00%,$706 ,2018-02-10 00:00:00,12:02 PM EST,10,555.0
Adidas,adidas Yeezy Boost 350 V2 Zebra,WHITE/CORE BLACK/RED,220.0,2/25/17,150.00%,$706 ,2018-02-10 00:00:00,11:59 AM EST,10.5,543.0
Adidas,adidas Yeezy Boost 350 V2 Zebra,WHITE/CORE BLACK/RED,220.0,2/25/17,150.00%,$706 ,2018-02-10 00:00:00,11:35 AM EST,10,527.0
Adidas,adidas Yeezy Boost 350 V2 Zebra,WHITE/CORE BLACK/RED,220.0,2/25/17,150.00%,$706 ,2018-02-10 00:00:00,11:33 AM EST,7.5,570.0
Adidas,adidas Yeezy Boost 350 V2 Zebra,WHITE/CORE BLACK/RED,220.0,2/25/17,150.00%,$706 ,2018-02-10 00:00:00,10:33 AM EST,10,530.0
Adidas,adidas Yeezy Boost 350 V2 Zebra,WHITE/CORE BLACK/RED,220.0,2/25/17,150.00%,$706 ,2018-02-10 00:00:00,10:29 AM EST,9.5,536.0
Adidas,adidas Yeezy Boost 350 V2 Zebra,WHITE/CORE BLACK/RED,220.0,2/25/17,150.00%,$706 ,2018-02-10 00:00:00,10:13 AM EST,10.5,536.0
Adidas,adidas Yeezy Boost 350 V2 Zebra,WHITE/CORE BLACK/RED,220.0,2/25/17,150.00%,$706 ,2018-02-10 00:00:00,10:12 AM EST,10,531.0
Adidas,adidas Yeezy Boost 350 V2 Zebra,WHITE/CORE BLACK/RED,220.0,2/25/17,150.00%,$706 ,2018-02-10 00:00:00,10:04 AM EST,10.5,537.0
Adidas,adidas Yeezy Boost 350 V2 Zebra,WHITE/CORE BLACK/RED,220.0,2/25/17,150.00%,$706 ,2018-02-10 00:00:00,9:35 AM EST,9,540.0
Adidas,adidas Yeezy Boost 350 V2 Zebra,WHITE/CORE BLACK/RED,220.0,2/25/17,150.00%,$706 ,2018-02-10 00:00:00,1:30 AM EST,5,572.0
Adidas,adidas Yeezy Boost 350 V2 Zebra,WHITE/CORE BLACK/RED,220.0,2/25/17,150.00%,$706 ,2018-02-09 00:00:00,11:16 PM EST,10,554.0
Adidas,adidas Yeezy Boost 350 V2 Zebra,WHITE/CORE BLACK/RED,220.0,2/25/17,150.00%,$706 ,2018-02-09 00:00:00,10:31 PM EST,8,512.0
Adidas,adidas Yeezy Boost 350 V2 Zebra,WHITE/CORE BLACK/RED,220.0,2/25/17,150.00%,$706 ,2018-02-09 00:00:00,10:22 PM EST,8,490.0
Adidas,adidas Yeezy Boost 350 V2 Zebra,WHITE/CORE BLACK/RED,220.0,2/25/17,150.00%,$706 ,2018-02-09 00:00:00,10:13 PM EST,10.5,555.0
Adidas,adidas Yeezy Boost 350 V2 Zebra,WHITE/CORE BLACK/RED,220.0,2/25/17,150.00%,$706 ,2018-02-09 00:00:00,10:09 PM EST,14,589.0
Adidas,adidas Yeezy Boost 350 V2 Zebra,WHITE/CORE BLACK/RED,220.0,2/25/17,150.00%,$706 ,2018-02-09 00:00:00,10:03 PM EST,12,568.0
Adidas,adidas Yeezy Boost 350 V2 Zebra,WHITE/CORE BLACK/RED,220.0,2/25/17,150.00%,$706 ,2018-02-09 00:00:00,9:35 PM EST,10.5,574.0
Adidas,adidas Yeezy Boost 350 V2 Zebra,WHITE/CORE BLACK/RED,220.0,2/25/17,150.00%,$706 ,2018-02-09 00:00:00,9:33 PM EST,9,540.0
Adidas,adidas Yeezy Boost 350 V2 Zebra,WHITE/CORE BLACK/RED,220.0,2/25/17,150.00%,$706 ,2018-02-09 00:00:00,9:20 PM EST,10,553.0
Adidas,adidas Yeezy Boost 350 V2 Zebra,WHITE/CORE BLACK/RED,220.0,2/25/17,150.00%,$706 ,2018-02-09 00:00:00,9:04 PM EST,12,565.0
Adidas,adidas Yeezy Boost 350 V2 Zebra,WHITE/CORE BLACK/RED,220.0,2/25/17,150.00%,$706 ,2018-02-09 00:00:00,9:03 PM EST,12,545.0
Adidas,adidas Yeezy Boost 350 V2 Zebra,WHITE/CORE BLACK/RED,220.0,2/25/17,150.00%,$706 ,2018-02-09 00:00:00,8:22 PM EST,8.5,510.0
Adidas,adidas Yeezy Boost 350 V2 Zebra,WHITE/CORE BLACK/RED,220.0,2/25/17,150.00%,$706 ,2018-02-09 00:00:00,8:20 PM EST,11.5,548.0
Adidas,adidas Yeezy Boost 350 V2 Zebra,WHITE/CORE BLACK/RED,220.0,2/25/17,150.00%,$706 ,2018-02-09 00:00:00,8:14 PM EST,5,560.0
Adidas,adidas Yeezy Boost 350 V2 Zebra,WHITE/CORE BLACK/RED,220.0,2/25/17,150.00%,$706 ,2018-02-09 00:00:00,8:08 PM EST,5,570.0
Adidas,adidas Yeezy Boost 350 V2 Zebra,WHITE/CORE BLACK/RED,220.0,2/25/17,150.00%,$706 ,2018-02-09 00:00:00,8:01 PM EST,11.5,520.0
Adidas,adidas Yeezy Boost 350 V2 Zebra,WHITE/CORE BLACK/RED,220.0,2/25/17,150.00%,$706 ,2018-02-09 00:00:00,7:59 PM EST,10.5,564.0
Adidas,adidas Yeezy Boost 350 V2 Zebra,WHITE/CORE BLACK/RED,220.0,2/25/17,150.00%,$706 ,2018-02-09 00:00:00,6:12 PM EST,10,550.0
Adidas,adidas Yeezy Boost 350 V2 Zebra,WHITE/CORE BLACK/RED,220.0,2/25/17,150.00%,$706 ,2018-02-09 00:00:00,6:09 PM EST,9,530.0
Adidas,adidas Yeezy Boost 350 V2 Zebra,WHITE/CORE BLACK/RED,220.0,2/25/17,150.00%,$706 ,2018-02-09 00:00:00,6:03 PM EST,8,500.0
Adidas,adidas Yeezy Boost 350 V2 Zebra,WHITE/CORE BLACK/RED,220.0,2/25/17,150.00%,$706 ,2018-02-09 00:00:00,5:37 PM EST,9.5,556.0
Adidas,adidas Yeezy Boost 350 V2 Zebra,WHITE/CORE BLACK/RED,220.0,2/25/17,150.00%,$706 ,2018-02-09 00:00:00,5:00 PM EST,12,576.0
Adidas,adidas Yeezy Boost 350 V2 Zebra,WHITE/CORE BLACK/RED,220.0,2/25/17,150.00%,$706 ,2018-02-09 00:00:00,4:06 PM EST,10.5,551.0
Adidas,adidas Yeezy Boost 350 V2 Zebra,WHITE/CORE BLACK/RED,220.0,2/25/17,150.00%,$706 ,2018-02-09 00:00:00,4:05 PM EST,10.5,552.0
Adidas,adidas Yeezy Boost 350 V2 Zebra,WHITE/CORE BLACK/RED,220.0,2/25/17,150.00%,$706 ,2018-02-09 00:00:00,2:17 PM EST,8,510.0
Adidas,adidas Yeezy Boost 350 V2 Zebra,WHITE/CORE BLACK/RED,220.0,2/25/17,150.00%,$706 ,2018-02-09 00:00:00,2:08 PM EST,10,553.0
Adidas,adidas Yeezy Boost 350 V2 Zebra,WHITE/CORE BLACK/RED,220.0,2/25/17,150.00%,$706 ,2018-02-09 00:00:00,2:04 PM EST,8.5,534.0
Adidas,adidas Yeezy Boost 350 V2 Zebra,WHITE/CORE BLACK/RED,220.0,2/25/17,150.00%,$706 ,2018-02-09 00:00:00,1:59 PM EST,12,575.0
Adidas,adidas Yeezy Boost 350 V2 Zebra,WHITE/CORE BLACK/RED,220.0,2/25/17,150.00%,$706 ,2018-02-09 00:00:00,1:50 PM EST,10.5,569.0
Adidas,adidas Yeezy Boost 350 V2 Zebra,WHITE/CORE BLACK/RED,220.0,2/25/17,150.00%,$706 ,2018-02-09 00:00:00,1:28 PM EST,9,539.0
Adidas,adidas Yeezy Boost 350 V2 Zebra,WHITE/CORE BLACK/RED,220.0,2/25/17,150.00%,$706 ,2018-02-09 00:00:00,1:12 PM EST,9,531.0
Adidas,adidas Yeezy Boost 350 V2 Zebra,WHITE/CORE BLACK/RED,220.0,2/25/17,150.00%,$706 ,2018-02-09 00:00:00,1:01 PM EST,13,560.0
Adidas,adidas Yeezy Boost 350 V2 Zebra,WHITE/CORE BLACK/RED,220.0,2/25/17,150.00%,$706 ,2018-02-09 00:00:00,12:37 PM EST,9,530.0
Adidas,adidas Yeezy Boost 350 V2 Zebra,WHITE/CORE BLACK/RED,220.0,2/25/17,150.00%,$706 ,2018-02-09 00:00:00,12:06 PM EST,7.5,568.0
Adidas,adidas Yeezy Boost 350 V2 Zebra,WHITE/CORE BLACK/RED,220.0,2/25/17,150.00%,$706 ,2018-02-09 00:00:00,12:05 PM EST,8,504.0
Adidas,adidas Yeezy Boost 350 V2 Zebra,WHITE/CORE BLACK/RED,220.0,2/25/17,150.00%,$706 ,2018-02-09 00:00:00,11:54 AM EST,9.5,550.0
Adidas,adidas Yeezy Boost 350 V2 Zebra,WHITE/CORE BLACK/RED,220.0,2/25/17,150.00%,$706 ,2018-02-09 00:00:00,11:48 AM EST,9,535.0
Adidas,adidas Yeezy Boost 350 V2 Zebra,WHITE/CORE BLACK/RED,220.0,2/25/17,150.00%,$706 ,2018-02-09 00:00:00,11:30 AM EST,8,493.0
Adidas,adidas Yeezy Boost 350 V2 Zebra,WHITE/CORE BLACK/RED,220.0,2/25/17,150.00%,$706 ,2018-02-09 00:00:00,11:26 AM EST,6,590.0
Adidas,adidas Yeezy Boost 350 V2 Zebra,WHITE/CORE BLACK/RED,220.0,2/25/17,150.00%,$706 ,2018-02-09 00:00:00,11:23 AM EST,10.5,540.0
Adidas,adidas Yeezy Boost 350 V2 Zebra,WHITE/CORE BLACK/RED,220.0,2/25/17,150.00%,$706 ,2018-02-09 00:00:00,11:18 AM EST,9.5,538.0
Adidas,adidas Yeezy Boost 350 V2 Zebra,WHITE/CORE BLACK/RED,220.0,2/25/17,150.00%,$706 ,2018-02-09 00:00:00,11:01 AM EST,7.5,521.0
Adidas,adidas Yeezy Boost 350 V2 Zebra,WHITE/CORE BLACK/RED,220.0,2/25/17,150.00%,$706 ,2018-02-09 00:00:00,11:01 AM EST,12,579.0
Adidas,adidas Yeezy Boost 350 V2 Zebra,WHITE/CORE BLACK/RED,220.0,2/25/17,150.00%,$706 ,2018-02-09 00:00:00,10:53 AM EST,8,503.0
Adidas,adidas Yeezy Boost 350 V2 Zebra,WHITE/CORE BLACK/RED,220.0,2/25/17,150.00%,$706 ,2018-02-09 00:00:00,10:52 AM EST,11,555.0
Adidas,adidas Yeezy Boost 350 V2 Zebra,WHITE/CORE BLACK/RED,220.0,2/25/17,150.00%,$706 ,2018-02-09 00:00:00,10:52 AM EST,10,528.0
Adidas,adidas Yeezy Boost 350 V2 Zebra,WHITE/CORE BLACK/RED,220.0,2/25/17,150.00%,$706 ,2018-02-09 00:00:00,10:09 AM EST,9.5,541.0
Adidas,adidas Yeezy Boost 350 V2 Zebra,WHITE/CORE BLACK/RED,220.0,2/25/17,150.00%,$706 ,2018-02-09 00:00:00,10:00 AM EST,9,538.0
Adidas,adidas Yeezy Boost 350 V2 Zebra,WHITE/CORE BLACK/RED,220.0,2/25/17,150.00%,$706 ,2018-02-09 00:00:00,9:47 AM EST,10.5,536.0
Adidas,adidas Yeezy Boost 350 V2 Zebra,WHITE/CORE BLACK/RED,220.0,2/25/17,150.00%,$706 ,2018-02-09 00:00:00,9:40 AM EST,9.5,540.0
Adidas,adidas Yeezy Boost 350 V2 Zebra,WHITE/CORE BLACK/RED,220.0,2/25/17,150.00%,$706 ,2018-02-09 00:00:00,9:34 AM EST,9.5,551.0
Adidas,adidas Yeezy Boost 350 V2 Zebra,WHITE/CORE BLACK/RED,220.0,2/25/17,150.00%,$706 ,2018-02-09 00:00:00,9:28 AM EST,9,543.0
Adidas,adidas Yeezy Boost 350 V2 Zebra,WHITE/CORE BLACK/RED,220.0,2/25/17,150.00%,$706 ,2018-02-09 00:00:00,9:21 AM EST,10,535.0
Adidas,adidas Yeezy Boost 350 V2 Zebra,WHITE/CORE BLACK/RED,220.0,2/25/17,150.00%,$706 ,2018-02-09 00:00:00,8:31 AM EST,9,539.0
Adidas,adidas Yeezy Boost 350 V2 Zebra,WHITE/CORE BLACK/RED,220.0,2/25/17,150.00%,$706 ,2018-02-09 00:00:00,8:22 AM EST,13,590.0
Adidas,adidas Yeezy Boost 350 V2 Zebra,WHITE/CORE BLACK/RED,220.0,2/25/17,150.00%,$706 ,2018-02-09 00:00:00,8:04 AM EST,8.5,505.0
Adidas,adidas Yeezy Boost 350 V2 Zebra,WHITE/CORE BLACK/RED,220.0,2/25/17,150.00%,$706 ,2018-02-09 00:00:00,8:01 AM EST,9,537.0
Adidas,adidas Yeezy Boost 350 V2 Zebra,WHITE/CORE BLACK/RED,220.0,2/25/17,150.00%,$706 ,2018-02-09 00:00:00,3:45 AM EST,11.5,568.0
Adidas,adidas Yeezy Boost 350 V2 Zebra,WHITE/CORE BLACK/RED,220.0,2/25/17,150.00%,$706 ,2018-02-09 00:00:00,2:19 AM EST,10.5,545.0
Adidas,adidas Yeezy Boost 350 V2 Zebra,WHITE/CORE BLACK/RED,220.0,2/25/17,150.00%,$706 ,2018-02-09 00:00:00,12:45 AM EST,7,570.0
Adidas,adidas Yeezy Boost 350 V2 Zebra,WHITE/CORE BLACK/RED,220.0,2/25/17,150.00%,$706 ,2018-02-08 00:00:00,11:29 PM EST,14,560.0
Adidas,adidas Yeezy Boost 350 V2 Zebra,WHITE/CORE BLACK/RED,220.0,2/25/17,150.00%,$706 ,2018-02-08 00:00:00,10:22 PM EST,10,554.0
Adidas,adidas Yeezy Boost 350 V2 Zebra,WHITE/CORE BLACK/RED,220.0,2/25/17,150.00%,$706 ,2018-02-08 00:00:00,10:17 PM EST,10.5,570.0
Adidas,adidas Yeezy Boost 350 V2 Zebra,WHITE/CORE BLACK/RED,220.0,2/25/17,150.00%,$706 ,2018-02-08 00:00:00,10:07 PM EST,10,528.0
Adidas,adidas Yeezy Boost 350 V2 Zebra,WHITE/CORE BLACK/RED,220.0,2/25/17,150.00%,$706 ,2018-02-08 00:00:00,10:02 PM EST,10.5,555.0
Adidas,adidas Yeezy Boost 350 V2 Zebra,WHITE/CORE BLACK/RED,220.0,2/25/17,150.00%,$706 ,2018-02-08 00:00:00,8:19 PM EST,11.5,546.0
Adidas,adidas Yeezy Boost 350 V2 Zebra,WHITE/CORE BLACK/RED,220.0,2/25/17,150.00%,$706 ,2018-02-08 00:00:00,8:15 PM EST,10,550.0
Adidas,adidas Yeezy Boost 350 V2 Zebra,WHITE/CORE BLACK/RED,220.0,2/25/17,150.00%,$706 ,2018-02-08 00:00:00,8:06 PM EST,10,544.0
Adidas,adidas Yeezy Boost 350 V2 Zebra,WHITE/CORE BLACK/RED,220.0,2/25/17,150.00%,$706 ,2018-02-08 00:00:00,6:36 PM EST,8.5,544.0
Adidas,adidas Yeezy Boost 350 V2 Zebra,WHITE/CORE BLACK/RED,220.0,2/25/17,150.00%,$706 ,2018-02-08 00:00:00,6:21 PM EST,13,555.0
Adidas,adidas Yeezy Boost 350 V2 Zebra,WHITE/CORE BLACK/RED,220.0,2/25/17,150.00%,$706 ,2018-02-08 00:00:00,6:09 PM EST,11.5,550.0
Adidas,adidas Yeezy Boost 350 V2 Zebra,WHITE/CORE BLACK/RED,220.0,2/25/17,150.00%,$706 ,2018-02-08 00:00:00,6:07 PM EST,9.5,540.0
Adidas,adidas Yeezy Boost 350 V2 Zebra,WHITE/CORE BLACK/RED,220.0,2/25/17,150.00%,$706 ,2018-02-08 00:00:00,6:04 PM EST,8.5,500.0
Adidas,adidas Yeezy Boost 350 V2 Zebra,WHITE/CORE BLACK/RED,220.0,2/25/17,150.00%,$706 ,2018-02-08 00:00:00,6:02 PM EST,11.5,540.0
Adidas,adidas Yeezy Boost 350 V2 Zebra,WHITE/CORE BLACK/RED,220.0,2/25/17,150.00%,$706 ,2018-02-08 00:00:00,5:36 PM EST,8,494.0
Adidas,adidas Yeezy Boost 350 V2 Zebra,WHITE/CORE BLACK/RED,220.0,2/25/17,150.00%,$706 ,2018-02-08 00:00:00,5:31 PM EST,12,579.0
Adidas,adidas Yeezy Boost 350 V2 Zebra,WHITE/CORE BLACK/RED,220.0,2/25/17,150.00%,$706 ,2018-02-08 00:00:00,5:31 PM EST,12,568.0
Adidas,adidas Yeezy Boost 350 V2 Zebra,WHITE/CORE BLACK/RED,220.0,2/25/17,150.00%,$706 ,2018-02-08 00:00:00,5:04 PM EST,10.5,565.0
Adidas,adidas Yeezy Boost 350 V2 Zebra,WHITE/CORE BLACK/RED,220.0,2/25/17,150.00%,$706 ,2018-02-08 00:00:00,4:16 PM EST,13,552.0
Adidas,adidas Yeezy Boost 350 V2 Zebra,WHITE/CORE BLACK/RED,220.0,2/25/17,150.00%,$706 ,2018-02-08 00:00:00,4:13 PM EST,12,549.0
Adidas,adidas Yeezy Boost 350 V2 Zebra,WHITE/CORE BLACK/RED,220.0,2/25/17,150.00%,$706 ,2018-02-08 00:00:00,4:12 PM EST,8,504.0
Adidas,adidas Yeezy Boost 350 V2 Zebra,WHITE/CORE BLACK/RED,220.0,2/25/17,150.00%,$706 ,2018-02-08 00:00:00,4:07 PM EST,8.5,501.0
Adidas,adidas Yeezy Boost 350 V2 Zebra,WHITE/CORE BLACK/RED,220.0,2/25/17,150.00%,$706 ,2018-02-08 00:00:00,4:07 PM EST,8.5,500.0
Adidas,adidas Yeezy Boost 350 V2 Zebra,WHITE/CORE BLACK/RED,220.0,2/25/17,150.00%,$706 ,2018-02-08 00:00:00,4:07 PM EST,11,561.0
Adidas,adidas Yeezy Boost 350 V2 Zebra,WHITE/CORE BLACK/RED,220.0,2/25/17,150.00%,$706 ,2018-02-08 00:00:00,4:01 PM EST,5,569.0
Adidas,adidas Yeezy Boost 350 V2 Zebra,WHITE/CORE BLACK/RED,220.0,2/25/17,150.00%,$706 ,2018-02-08 00:00:00,3:38 PM EST,13,590.0
Adidas,adidas Yeezy Boost 350 V2 Zebra,WHITE/CORE BLACK/RED,220.0,2/25/17,150.00%,$706 ,2018-02-08 00:00:00,3:21 PM EST,9.5,554.0
Adidas,adidas Yeezy Boost 350 V2 Zebra,WHITE/CORE BLACK/RED,220.0,2/25/17,150.00%,$706 ,2018-02-08 00:00:00,1:57 PM EST,13,535.0
Adidas,adidas Yeezy Boost 350 V2 Zebra,WHITE/CORE BLACK/RED,220.0,2/25/17,150.00%,$706 ,2018-02-08 00:00:00,1:53 PM EST,10.5,568.0
Adidas,adidas Yeezy Boost 350 V2 Zebra,WHITE/CORE BLACK/RED,220.0,2/25/17,150.00%,$706 ,2018-02-08 00:00:00,1:49 PM EST,9,535.0
Adidas,adidas Yeezy Boost 350 V2 Zebra,WHITE/CORE BLACK/RED,220.0,2/25/17,150.00%,$706 ,2018-02-08 00:00:00,1:49 PM EST,14,530.0
Adidas,adidas Yeezy Boost 350 V2 Zebra,WHITE/CORE BLACK/RED,220.0,2/25/17,150.00%,$706 ,2018-02-08 00:00:00,1:44 PM EST,9.5,540.0
Adidas,adidas Yeezy Boost 350 V2 Zebra,WHITE/CORE BLACK/RED,220.0,2/25/17,150.00%,$706 ,2018-02-08 00:00:00,1:38 PM EST,11,574.0
Adidas,adidas Yeezy Boost 350 V2 Zebra,WHITE/CORE BLACK/RED,220.0,2/25/17,150.00%,$706 ,2018-02-08 00:00:00,1:31 PM EST,9,535.0
Adidas,adidas Yeezy Boost 350 V2 Zebra,WHITE/CORE BLACK/RED,220.0,2/25/17,150.00%,$706 ,2018-02-08 00:00:00,12:31 PM EST,8.5,492.0
Adidas,adidas Yeezy Boost 350 V2 Zebra,WHITE/CORE BLACK/RED,220.0,2/25/17,150.00%,$706 ,2018-02-08 00:00:00,12:11 PM EST,11.5,561.0
Adidas,adidas Yeezy Boost 350 V2 Zebra,WHITE/CORE BLACK/RED,220.0,2/25/17,150.00%,$706 ,2018-02-08 00:00:00,11:58 AM EST,11.5,565.0
Adidas,adidas Yeezy Boost 350 V2 Zebra,WHITE/CORE BLACK/RED,220.0,2/25/17,150.00%,$706 ,2018-02-08 00:00:00,11:48 AM EST,14,560.0
Adidas,adidas Yeezy Boost 350 V2 Zebra,WHITE/CORE BLACK/RED,220.0,2/25/17,150.00%,$706 ,2018-02-08 00:00:00,11:27 AM EST,10,540.0
Adidas,adidas Yeezy Boost 350 V2 Zebra,WHITE/CORE BLACK/RED,220.0,2/25/17,150.00%,$706 ,2018-02-08 00:00:00,11:22 AM EST,8.5,527.0
Adidas,adidas Yeezy Boost 350 V2 Zebra,WHITE/CORE BLACK/RED,220.0,2/25/17,150.00%,$706 ,2018-02-08 00:00:00,11:19 AM EST,6,629.0
Adidas,adidas Yeezy Boost 350 V2 Zebra,WHITE/CORE BLACK/RED,220.0,2/25/17,150.00%,$706 ,2018-02-08 00:00:00,11:13 AM EST,11,580.0
Adidas,adidas Yeezy Boost 350 V2 Zebra,WHITE/CORE BLACK/RED,220.0,2/25/17,150.00%,$706 ,2018-02-08 00:00:00,10:29 AM EST,9.5,550.0
Adidas,adidas Yeezy Boost 350 V2 Zebra,WHITE/CORE BLACK/RED,220.0,2/25/17,150.00%,$706 ,2018-02-08 00:00:00,10:26 AM EST,8,509.0
Adidas,adidas Yeezy Boost 350 V2 Zebra,WHITE/CORE BLACK/RED,220.0,2/25/17,150.00%,$706 ,2018-02-08 00:00:00,10:15 AM EST,9,539.0
Adidas,adidas Yeezy Boost 350 V2 Zebra,WHITE/CORE BLACK/RED,220.0,2/25/17,150.00%,$706 ,2018-02-08 00:00:00,10:01 AM EST,12,541.0
Adidas,adidas Yeezy Boost 350 V2 Zebra,WHITE/CORE BLACK/RED,220.0,2/25/17,150.00%,$706 ,2018-02-08 00:00:00,10:00 AM EST,10.5,540.0
Adidas,adidas Yeezy Boost 350 V2 Zebra,WHITE/CORE BLACK/RED,220.0,2/25/17,150.00%,$706 ,2018-02-08 00:00:00,9:47 AM EST,10.5,567.0
Adidas,adidas Yeezy Boost 350 V2 Zebra,WHITE/CORE BLACK/RED,220.0,2/25/17,150.00%,$706 ,2018-02-08 00:00:00,8:52 AM EST,11,575.0
Adidas,adidas Yeezy Boost 350 V2 Zebra,WHITE/CORE BLACK/RED,220.0,2/25/17,150.00%,$706 ,2018-02-08 00:00:00,8:18 AM EST,9,529.0
Adidas,adidas Yeezy Boost 350 V2 Zebra,WHITE/CORE BLACK/RED,220.0,2/25/17,150.00%,$706 ,2018-02-07 00:00:00,10:10 PM EST,8.5,520.0
Adidas,adidas Yeezy Boost 350 V2 Zebra,WHITE/CORE BLACK/RED,220.0,2/25/17,150.00%,$706 ,2018-02-07 00:00:00,10:07 PM EST,8,499.0
Adidas,adidas Yeezy Boost 350 V2 Zebra,WHITE/CORE BLACK/RED,220.0,2/25/17,150.00%,$706 ,2018-02-07 00:00:00,10:05 PM EST,11,563.0
Adidas,adidas Yeezy Boost 350 V2 Zebra,WHITE/CORE BLACK/RED,220.0,2/25/17,150.00%,$706 ,2018-02-07 00:00:00,9:02 PM EST,9.5,546.0
Adidas,adidas Yeezy Boost 350 V2 Zebra,WHITE/CORE BLACK/RED,220.0,2/25/17,150.00%,$706 ,2018-02-07 00:00:00,8:58 PM EST,12,577.0
Adidas,adidas Yeezy Boost 350 V2 Zebra,WHITE/CORE BLACK/RED,220.0,2/25/17,150.00%,$706 ,2018-02-07 00:00:00,8:18 PM EST,8,500.0
Adidas,adidas Yeezy Boost 350 V2 Zebra,WHITE/CORE BLACK/RED,220.0,2/25/17,150.00%,$706 ,2018-02-07 00:00:00,8:07 PM EST,8.5,540.0
Adidas,adidas Yeezy Boost 350 V2 Zebra,WHITE/CORE BLACK/RED,220.0,2/25/17,150.00%,$706 ,2018-02-07 00:00:00,7:44 PM EST,10,548.0
Adidas,adidas Yeezy Boost 350 V2 Zebra,WHITE/CORE BLACK/RED,220.0,2/25/17,150.00%,$706 ,2018-02-07 00:00:00,6:18 PM EST,11,570.0
Adidas,adidas Yeezy Boost 350 V2 Zebra,WHITE/CORE BLACK/RED,220.0,2/25/17,150.00%,$706 ,2018-02-07 00:00:00,6:16 PM EST,10.5,569.0
Adidas,adidas Yeezy Boost 350 V2 Zebra,WHITE/CORE BLACK/RED,220.0,2/25/17,150.00%,$706 ,2018-02-07 00:00:00,6:08 PM EST,11,568.0
Adidas,adidas Yeezy Boost 350 V2 Zebra,WHITE/CORE BLACK/RED,220.0,2/25/17,150.00%,$706 ,2018-02-07 00:00:00,4:41 PM EST,12,567.0
Adidas,adidas Yeezy Boost 350 V2 Zebra,WHITE/CORE BLACK/RED,220.0,2/25/17,150.00%,$706 ,2018-02-07 00:00:00,4:17 PM EST,10.5,569.0
Adidas,adidas Yeezy Boost 350 V2 Zebra,WHITE/CORE BLACK/RED,220.0,2/25/17,150.00%,$706 ,2018-02-07 00:00:00,4:16 PM EST,10.5,566.0
Adidas,adidas Yeezy Boost 350 V2 Zebra,WHITE/CORE BLACK/RED,220.0,2/25/17,150.00%,$706 ,2018-02-07 00:00:00,4:04 PM EST,9.5,555.0
Adidas,adidas Yeezy Boost 350 V2 Zebra,WHITE/CORE BLACK/RED,220.0,2/25/17,150.00%,$706 ,2018-02-07 00:00:00,3:42 PM EST,13,555.0
Adidas,adidas Yeezy Boost 350 V2 Zebra,WHITE/CORE BLACK/RED,220.0,2/25/17,150.00%,$706 ,2018-02-07 00:00:00,3:32 PM EST,8,500.0
Adidas,adidas Yeezy Boost 350 V2 Zebra,WHITE/CORE BLACK/RED,220.0,2/25/17,150.00%,$706 ,2018-02-07 00:00:00,3:09 PM EST,10,555.0
Adidas,adidas Yeezy Boost 350 V2 Zebra,WHITE/CORE BLACK/RED,220.0,2/25/17,150.00%,$706 ,2018-02-07 00:00:00,2:27 PM EST,6,610.0
Adidas,adidas Yeezy Boost 350 V2 Zebra,WHITE/CORE BLACK/RED,220.0,2/25/17,150.00%,$706 ,2018-02-07 00:00:00,2:23 PM EST,8,505.0
Adidas,adidas Yeezy Boost 350 V2 Zebra,WHITE/CORE BLACK/RED,220.0,2/25/17,150.00%,$706 ,2018-02-07 00:00:00,2:14 PM EST,12,565.0
Adidas,adidas Yeezy Boost 350 V2 Zebra,WHITE/CORE BLACK/RED,220.0,2/25/17,150.00%,$706 ,2018-02-07 00:00:00,1:54 PM EST,9.5,530.0
Adidas,adidas Yeezy Boost 350 V2 Zebra,WHITE/CORE BLACK/RED,220.0,2/25/17,150.00%,$706 ,2018-02-07 00:00:00,1:26 PM EST,12,565.0
Adidas,adidas Yeezy Boost 350 V2 Zebra,WHITE/CORE BLACK/RED,220.0,2/25/17,150.00%,$706 ,2018-02-07 00:00:00,1:24 PM EST,11.5,556.0
Adidas,adidas Yeezy Boost 350 V2 Zebra,WHITE/CORE BLACK/RED,220.0,2/25/17,150.00%,$706 ,2018-02-07 00:00:00,1:17 PM EST,5,572.0
Adidas,adidas Yeezy Boost 350 V2 Zebra,WHITE/CORE BLACK/RED,220.0,2/25/17,150.00%,$706 ,2018-02-07 00:00:00,1:15 PM EST,8.5,545.0
Adidas,adidas Yeezy Boost 350 V2 Zebra,WHITE/CORE BLACK/RED,220.0,2/25/17,150.00%,$706 ,2018-02-07 00:00:00,1:15 PM EST,10.5,526.0
Adidas,adidas Yeezy Boost 350 V2 Zebra,WHITE/CORE BLACK/RED,220.0,2/25/17,150.00%,$706 ,2018-02-07 00:00:00,12:21 PM EST,11,560.0
Adidas,adidas Yeezy Boost 350 V2 Zebra,WHITE/CORE BLACK/RED,220.0,2/25/17,150.00%,$706 ,2018-02-07 00:00:00,12:15 PM EST,5,567.0
Adidas,adidas Yeezy Boost 350 V2 Zebra,WHITE/CORE BLACK/RED,220.0,2/25/17,150.00%,$706 ,2018-02-07 00:00:00,11:58 AM EST,5,569.0
Adidas,adidas Yeezy Boost 350 V2 Zebra,WHITE/CORE BLACK/RED,220.0,2/25/17,150.00%,$706 ,2018-02-07 00:00:00,11:58 AM EST,9.5,541.0
Adidas,adidas Yeezy Boost 350 V2 Zebra,WHITE/CORE BLACK/RED,220.0,2/25/17,150.00%,$706 ,2018-02-07 00:00:00,11:52 AM EST,9,550.0
Adidas,adidas Yeezy Boost 350 V2 Zebra,WHITE/CORE BLACK/RED,220.0,2/25/17,150.00%,$706 ,2018-02-07 00:00:00,11:47 AM EST,10.5,555.0
Adidas,adidas Yeezy Boost 350 V2 Zebra,WHITE/CORE BLACK/RED,220.0,2/25/17,150.00%,$706 ,2018-02-07 00:00:00,11:21 AM EST,5,530.0
Adidas,adidas Yeezy Boost 350 V2 Zebra,WHITE/CORE BLACK/RED,220.0,2/25/17,150.00%,$706 ,2018-02-07 00:00:00,11:17 AM EST,9.5,520.0
Adidas,adidas Yeezy Boost 350 V2 Zebra,WHITE/CORE BLACK/RED,220.0,2/25/17,150.00%,$706 ,2018-02-07 00:00:00,11:14 AM EST,11,580.0
Adidas,adidas Yeezy Boost 350 V2 Zebra,WHITE/CORE BLACK/RED,220.0,2/25/17,150.00%,$706 ,2018-02-07 00:00:00,11:13 AM EST,10.5,568.0
Adidas,adidas Yeezy Boost 350 V2 Zebra,WHITE/CORE BLACK/RED,220.0,2/25/17,150.00%,$706 ,2018-02-07 00:00:00,10:43 AM EST,10,555.0
Adidas,adidas Yeezy Boost 350 V2 Zebra,WHITE/CORE BLACK/RED,220.0,2/25/17,150.00%,$706 ,2018-02-07 00:00:00,10:19 AM EST,11,580.0
Adidas,adidas Yeezy Boost 350 V2 Zebra,WHITE/CORE BLACK/RED,220.0,2/25/17,150.00%,$706 ,2018-02-07 00:00:00,10:18 AM EST,10,559.0
Adidas,adidas Yeezy Boost 350 V2 Zebra,WHITE/CORE BLACK/RED,220.0,2/25/17,150.00%,$706 ,2018-02-07 00:00:00,10:01 AM EST,10.5,570.0
Adidas,adidas Yeezy Boost 350 V2 Zebra,WHITE/CORE BLACK/RED,220.0,2/25/17,150.00%,$706 ,2018-02-07 00:00:00,9:46 AM EST,8,497.0
Adidas,adidas Yeezy Boost 350 V2 Zebra,WHITE/CORE BLACK/RED,220.0,2/25/17,150.00%,$706 ,2018-02-07 00:00:00,9:23 AM EST,9.5,554.0
Adidas,adidas Yeezy Boost 350 V2 Zebra,WHITE/CORE BLACK/RED,220.0,2/25/17,150.00%,$706 ,2018-02-07 00:00:00,9:00 AM EST,5,545.0
Adidas,adidas Yeezy Boost 350 V2 Zebra,WHITE/CORE BLACK/RED,220.0,2/25/17,150.00%,$706 ,2018-02-07 00:00:00,8:28 AM EST,7,560.0
Adidas,adidas Yeezy Boost 350 V2 Zebra,WHITE/CORE BLACK/RED,220.0,2/25/17,150.00%,$706 ,2018-02-06 00:00:00,3:24 PM EST,9,520.0
Adidas,adidas Yeezy Boost 350 V2 Zebra,WHITE/CORE BLACK/RED,220.0,2/25/17,150.00%,$706 ,2018-02-06 00:00:00,2:56 PM EST,10.5,569.0
Adidas,adidas Yeezy Boost 350 V2 Zebra,WHITE/CORE BLACK/RED,220.0,2/25/17,150.00%,$706 ,2018-02-06 00:00:00,2:50 PM EST,10,555.0
Adidas,adidas Yeezy Boost 350 V2 Zebra,WHITE/CORE BLACK/RED,220.0,2/25/17,150.00%,$706 ,2018-02-06 00:00:00,2:46 PM EST,10.5,550.0
Adidas,adidas Yeezy Boost 350 V2 Zebra,WHITE/CORE BLACK/RED,220.0,2/25/17,150.00%,$706 ,2018-02-06 00:00:00,2:38 PM EST,10.5,527.0
Adidas,adidas Yeezy Boost 350 V2 Zebra,WHITE/CORE BLACK/RED,220.0,2/25/17,150.00%,$706 ,2018-02-06 00:00:00,2:38 PM EST,11,578.0
Adidas,adidas Yeezy Boost 350 V2 Zebra,WHITE/CORE BLACK/RED,220.0,2/25/17,150.00%,$706 ,2018-02-06 00:00:00,2:06 PM EST,7.5,530.0
Adidas,adidas Yeezy Boost 350 V2 Zebra,WHITE/CORE BLACK/RED,220.0,2/25/17,150.00%,$706 ,2018-02-06 00:00:00,2:02 PM EST,14,625.0
Adidas,adidas Yeezy Boost 350 V2 Zebra,WHITE/CORE BLACK/RED,220.0,2/25/17,150.00%,$706 ,2018-02-06 00:00:00,1:58 PM EST,8.5,495.0
Adidas,adidas Yeezy Boost 350 V2 Zebra,WHITE/CORE BLACK/RED,220.0,2/25/17,150.00%,$706 ,2018-02-06 00:00:00,1:46 PM EST,13,585.0
Adidas,adidas Yeezy Boost 350 V2 Zebra,WHITE/CORE BLACK/RED,220.0,2/25/17,150.00%,$706 ,2018-02-06 00:00:00,1:38 PM EST,10.5,568.0
Adidas,adidas Yeezy Boost 350 V2 Zebra,WHITE/CORE BLACK/RED,220.0,2/25/17,150.00%,$706 ,2018-02-06 00:00:00,1:28 PM EST,10.5,560.0
Adidas,adidas Yeezy Boost 350 V2 Zebra,WHITE/CORE BLACK/RED,220.0,2/25/17,150.00%,$706 ,2018-02-06 00:00:00,1:23 PM EST,11,560.0
Adidas,adidas Yeezy Boost 350 V2 Zebra,WHITE/CORE BLACK/RED,220.0,2/25/17,150.00%,$706 ,2018-02-06 00:00:00,1:13 PM EST,10,550.0
Adidas,adidas Yeezy Boost 350 V2 Zebra,WHITE/CORE BLACK/RED,220.0,2/25/17,150.00%,$706 ,2018-02-06 00:00:00,1:09 PM EST,13,555.0
Adidas,adidas Yeezy Boost 350 V2 Zebra,WHITE/CORE BLACK/RED,220.0,2/25/17,150.00%,$706 ,2018-02-06 00:00:00,1:06 PM EST,9.5,535.0
Adidas,adidas Yeezy Boost 350 V2 Zebra,WHITE/CORE BLACK/RED,220.0,2/25/17,150.00%,$706 ,2018-02-06 00:00:00,12:48 PM EST,6,629.0
Adidas,adidas Yeezy Boost 350 V2 Zebra,WHITE/CORE BLACK/RED,220.0,2/25/17,150.00%,$706 ,2018-02-06 00:00:00,12:07 PM EST,10,550.0
Adidas,adidas Yeezy Boost 350 V2 Zebra,WHITE/CORE BLACK/RED,220.0,2/25/17,150.00%,$706 ,2018-02-06 00:00:00,11:40 AM EST,7,570.0
Adidas,adidas Yeezy Boost 350 V2 Zebra,WHITE/CORE BLACK/RED,220.0,2/25/17,150.00%,$706 ,2018-02-06 00:00:00,11:37 AM EST,10.5,565.0
Adidas,adidas Yeezy Boost 350 V2 Zebra,WHITE/CORE BLACK/RED,220.0,2/25/17,150.00%,$706 ,2018-02-06 00:00:00,11:15 AM EST,8,513.0
Adidas,adidas Yeezy Boost 350 V2 Zebra,WHITE/CORE BLACK/RED,220.0,2/25/17,150.00%,$706 ,2018-02-06 00:00:00,10:50 AM EST,10,525.0
Adidas,adidas Yeezy Boost 350 V2 Zebra,WHITE/CORE BLACK/RED,220.0,2/25/17,150.00%,$706 ,2018-02-06 00:00:00,10:28 AM EST,11,570.0
Adidas,adidas Yeezy Boost 350 V2 Zebra,WHITE/CORE BLACK/RED,220.0,2/25/17,150.00%,$706 ,2018-02-05 00:00:00,4:00 PM EST,11,570.0
Adidas,adidas Yeezy Boost 350 V2 Zebra,WHITE/CORE BLACK/RED,220.0,2/25/17,150.00%,$706 ,2018-02-05 00:00:00,3:29 PM EST,8.5,530.0
Adidas,adidas Yeezy Boost 350 V2 Zebra,WHITE/CORE BLACK/RED,220.0,2/25/17,150.00%,$706 ,2018-02-05 00:00:00,3:00 PM EST,9,511.0
Adidas,adidas Yeezy Boost 350 V2 Zebra,WHITE/CORE BLACK/RED,220.0,2/25/17,150.00%,$706 ,2018-02-05 00:00:00,2:34 PM EST,9,549.0
Adidas,adidas Yeezy Boost 350 V2 Zebra,WHITE/CORE BLACK/RED,220.0,2/25/17,150.00%,$706 ,2018-02-05 00:00:00,2:30 PM EST,7,570.0
Adidas,adidas Yeezy Boost 350 V2 Zebra,WHITE/CORE BLACK/RED,220.0,2/25/17,150.00%,$706 ,2018-02-05 00:00:00,2:17 PM EST,8,510.0
Adidas,adidas Yeezy Boost 350 V2 Zebra,WHITE/CORE BLACK/RED,220.0,2/25/17,150.00%,$706 ,2018-02-05 00:00:00,2:06 PM EST,12,580.0
Adidas,adidas Yeezy Boost 350 V2 Zebra,WHITE/CORE BLACK/RED,220.0,2/25/17,150.00%,$706 ,2018-02-05 00:00:00,2:05 PM EST,14,569.0
Adidas,adidas Yeezy Boost 350 V2 Zebra,WHITE/CORE BLACK/RED,220.0,2/25/17,150.00%,$706 ,2018-02-05 00:00:00,2:02 PM EST,8.5,530.0
Adidas,adidas Yeezy Boost 350 V2 Zebra,WHITE/CORE BLACK/RED,220.0,2/25/17,150.00%,$706 ,2018-02-05 00:00:00,1:17 PM EST,14,565.0
Adidas,adidas Yeezy Boost 350 V2 Zebra,WHITE/CORE BLACK/RED,220.0,2/25/17,150.00%,$706 ,2018-02-05 00:00:00,1:12 PM EST,12,536.0
Adidas,adidas Yeezy Boost 350 V2 Zebra,WHITE/CORE BLACK/RED,220.0,2/25/17,150.00%,$706 ,2018-02-05 00:00:00,12:05 PM EST,7.5,575.0
Adidas,adidas Yeezy Boost 350 V2 Zebra,WHITE/CORE BLACK/RED,220.0,2/25/17,150.00%,$706 ,2018-02-05 00:00:00,11:21 AM EST,10.5,568.0
Adidas,adidas Yeezy Boost 350 V2 Zebra,WHITE/CORE BLACK/RED,220.0,2/25/17,150.00%,$706 ,2018-02-05 00:00:00,11:13 AM EST,8,513.0
Adidas,adidas Yeezy Boost 350 V2 Zebra,WHITE/CORE BLACK/RED,220.0,2/25/17,150.00%,$706 ,2018-02-05 00:00:00,10:22 AM EST,11.5,520.0
Adidas,adidas Yeezy Boost 350 V2 Zebra,WHITE/CORE BLACK/RED,220.0,2/25/17,150.00%,$706 ,2018-02-05 00:00:00,10:08 AM EST,11,570.0
Adidas,adidas Yeezy Boost 350 V2 Zebra,WHITE/CORE BLACK/RED,220.0,2/25/17,150.00%,$706 ,2018-02-05 00:00:00,10:06 AM EST,5,600.0
Adidas,adidas Yeezy Boost 350 V2 Zebra,WHITE/CORE BLACK/RED,220.0,2/25/17,150.00%,$706 ,2018-02-05 00:00:00,9:56 AM EST,11,575.0
Adidas,adidas Yeezy Boost 350 V2 Zebra,WHITE/CORE BLACK/RED,220.0,2/25/17,150.00%,$706 ,2018-02-05 00:00:00,9:47 AM EST,11,555.0
Adidas,adidas Yeezy Boost 350 V2 Zebra,WHITE/CORE BLACK/RED,220.0,2/25/17,150.00%,$706 ,2018-02-05 00:00:00,9:25 AM EST,11.5,530.0
Adidas,adidas Yeezy Boost 350 V2 Zebra,WHITE/CORE BLACK/RED,220.0,2/25/17,150.00%,$706 ,2018-02-05 00:00:00,9:22 AM EST,12,560.0
Adidas,adidas Yeezy Boost 350 V2 Zebra,WHITE/CORE BLACK/RED,220.0,2/25/17,150.00%,$706 ,2018-02-05 00:00:00,8:56 AM EST,11.5,550.0
Adidas,adidas Yeezy Boost 350 V2 Zebra,WHITE/CORE BLACK/RED,220.0,2/25/17,150.00%,$706 ,2018-02-02 00:00:00,5:41 PM EST,9,543.0
Adidas,adidas Yeezy Boost 350 V2 Zebra,WHITE/CORE BLACK/RED,220.0,2/25/17,150.00%,$706 ,2018-02-02 00:00:00,5:00 PM EST,10.5,565.0
Adidas,adidas Yeezy Boost 350 V2 Zebra,WHITE/CORE BLACK/RED,220.0,2/25/17,150.00%,$706 ,2018-02-02 00:00:00,4:56 PM EST,11.5,570.0
Adidas,adidas Yeezy Boost 350 V2 Zebra,WHITE/CORE BLACK/RED,220.0,2/25/17,150.00%,$706 ,2018-02-02 00:00:00,4:16 PM EST,9.5,550.0
Adidas,adidas Yeezy Boost 350 V2 Zebra,WHITE/CORE BLACK/RED,220.0,2/25/17,150.00%,$706 ,2018-02-02 00:00:00,3:57 PM EST,10,560.0
Adidas,adidas Yeezy Boost 350 V2 Zebra,WHITE/CORE BLACK/RED,220.0,2/25/17,150.00%,$706 ,2018-02-02 00:00:00,3:54 PM EST,9,530.0
Adidas,adidas Yeezy Boost 350 V2 Zebra,WHITE/CORE BLACK/RED,220.0,2/25/17,150.00%,$706 ,2018-02-02 00:00:00,1:41 PM EST,9,545.0
Adidas,adidas Yeezy Boost 350 V2 Zebra,WHITE/CORE BLACK/RED,220.0,2/25/17,150.00%,$706 ,2018-02-02 00:00:00,1:36 PM EST,10.5,528.0
Adidas,adidas Yeezy Boost 350 V2 Zebra,WHITE/CORE BLACK/RED,220.0,2/25/17,150.00%,$706 ,2018-02-02 00:00:00,1:25 PM EST,13,568.0
Adidas,adidas Yeezy Boost 350 V2 Zebra,WHITE/CORE BLACK/RED,220.0,2/25/17,150.00%,$706 ,2018-02-02 00:00:00,1:19 PM EST,13,570.0
Adidas,adidas Yeezy Boost 350 V2 Zebra,WHITE/CORE BLACK/RED,220.0,2/25/17,150.00%,$706 ,2018-02-02 00:00:00,11:43 AM EST,12,585.0
Adidas,adidas Yeezy Boost 350 V2 Zebra,WHITE/CORE BLACK/RED,220.0,2/25/17,150.00%,$706 ,2018-02-02 00:00:00,11:27 AM EST,8.5,540.0
Adidas,adidas Yeezy Boost 350 V2 Zebra,WHITE/CORE BLACK/RED,220.0,2/25/17,150.00%,$706 ,2018-02-02 00:00:00,11:27 AM EST,8.5,539.0
Adidas,adidas Yeezy Boost 350 V2 Zebra,WHITE/CORE BLACK/RED,220.0,2/25/17,150.00%,$706 ,2018-02-02 00:00:00,11:18 AM EST,11.5,570.0
Adidas,adidas Yeezy Boost 350 V2 Zebra,WHITE/CORE BLACK/RED,220.0,2/25/17,150.00%,$706 ,2018-02-02 00:00:00,10:37 AM EST,7,569.0
Adidas,adidas Yeezy Boost 350 V2 Zebra,WHITE/CORE BLACK/RED,220.0,2/25/17,150.00%,$706 ,2018-02-02 00:00:00,10:10 AM EST,10,549.0
Adidas,adidas Yeezy Boost 350 V2 Zebra,WHITE/CORE BLACK/RED,220.0,2/25/17,150.00%,$706 ,2018-02-02 00:00:00,9:24 AM EST,9.5,532.0
Adidas,adidas Yeezy Boost 350 V2 Zebra,WHITE/CORE BLACK/RED,220.0,2/25/17,150.00%,$706 ,2018-02-02 00:00:00,8:46 AM EST,9.5,558.0
Adidas,adidas Yeezy Boost 350 V2 Zebra,WHITE/CORE BLACK/RED,220.0,2/25/17,150.00%,$706 ,2018-02-02 00:00:00,8:38 AM EST,11.5,550.0
Adidas,adidas Yeezy Boost 350 V2 Zebra,WHITE/CORE BLACK/RED,220.0,2/25/17,150.00%,$706 ,2018-02-02 00:00:00,8:36 AM EST,9.5,559.0
Adidas,adidas Yeezy Boost 350 V2 Zebra,WHITE/CORE BLACK/RED,220.0,2/25/17,150.00%,$706 ,2018-02-02 00:00:00,3:20 AM EST,8,505.0
Adidas,adidas Yeezy Boost 350 V2 Zebra,WHITE/CORE BLACK/RED,220.0,2/25/17,150.00%,$706 ,2018-02-02 00:00:00,12:29 AM EST,14,625.0
Adidas,adidas Yeezy Boost 350 V2 Zebra,WHITE/CORE BLACK/RED,220.0,2/25/17,150.00%,$706 ,2018-02-01 00:00:00,6:33 PM EST,9,546.0
Adidas,adidas Yeezy Boost 350 V2 Zebra,WHITE/CORE BLACK/RED,220.0,2/25/17,150.00%,$706 ,2018-02-01 00:00:00,6:25 PM EST,10,554.0
Adidas,adidas Yeezy Boost 350 V2 Zebra,WHITE/CORE BLACK/RED,220.0,2/25/17,150.00%,$706 ,2018-02-01 00:00:00,5:45 PM EST,13,575.0
Adidas,adidas Yeezy Boost 350 V2 Zebra,WHITE/CORE BLACK/RED,220.0,2/25/17,150.00%,$706 ,2018-02-01 00:00:00,2:26 PM EST,9.5,550.0
Adidas,adidas Yeezy Boost 350 V2 Zebra,WHITE/CORE BLACK/RED,220.0,2/25/17,150.00%,$706 ,2018-02-01 00:00:00,1:55 PM EST,12,528.0
Adidas,adidas Yeezy Boost 350 V2 Zebra,WHITE/CORE BLACK/RED,220.0,2/25/17,150.00%,$706 ,2018-02-01 00:00:00,1:54 PM EST,11,580.0
Adidas,adidas Yeezy Boost 350 V2 Zebra,WHITE/CORE BLACK/RED,220.0,2/25/17,150.00%,$706 ,2018-02-01 00:00:00,1:51 PM EST,7.5,570.0
Adidas,adidas Yeezy Boost 350 V2 Zebra,WHITE/CORE BLACK/RED,220.0,2/25/17,150.00%,$706 ,2018-02-01 00:00:00,1:48 PM EST,9,547.0
Adidas,adidas Yeezy Boost 350 V2 Zebra,WHITE/CORE BLACK/RED,220.0,2/25/17,150.00%,$706 ,2018-02-01 00:00:00,1:32 PM EST,10.5,567.0
Adidas,adidas Yeezy Boost 350 V2 Zebra,WHITE/CORE BLACK/RED,220.0,2/25/17,150.00%,$706 ,2018-02-01 00:00:00,1:08 PM EST,11.5,568.0
Adidas,adidas Yeezy Boost 350 V2 Zebra,WHITE/CORE BLACK/RED,220.0,2/25/17,150.00%,$706 ,2018-02-01 00:00:00,1:04 PM EST,10,533.0
Adidas,adidas Yeezy Boost 350 V2 Zebra,WHITE/CORE BLACK/RED,220.0,2/25/17,150.00%,$706 ,2018-02-01 00:00:00,12:29 PM EST,11.5,565.0
Adidas,adidas Yeezy Boost 350 V2 Zebra,WHITE/CORE BLACK/RED,220.0,2/25/17,150.00%,$706 ,2018-02-01 00:00:00,11:56 AM EST,10.5,567.0
Adidas,adidas Yeezy Boost 350 V2 Zebra,WHITE/CORE BLACK/RED,220.0,2/25/17,150.00%,$706 ,2018-02-01 00:00:00,11:41 AM EST,12,588.0
Adidas,adidas Yeezy Boost 350 V2 Zebra,WHITE/CORE BLACK/RED,220.0,2/25/17,150.00%,$706 ,2018-02-01 00:00:00,11:39 AM EST,10,555.0
Adidas,adidas Yeezy Boost 350 V2 Zebra,WHITE/CORE BLACK/RED,220.0,2/25/17,150.00%,$706 ,2018-02-01 00:00:00,11:35 AM EST,7.5,565.0
Adidas,adidas Yeezy Boost 350 V2 Zebra,WHITE/CORE BLACK/RED,220.0,2/25/17,150.00%,$706 ,2018-02-01 00:00:00,11:27 AM EST,13,576.0
Adidas,adidas Yeezy Boost 350 V2 Zebra,WHITE/CORE BLACK/RED,220.0,2/25/17,150.00%,$706 ,2018-02-01 00:00:00,11:04 AM EST,10.5,562.0
Adidas,adidas Yeezy Boost 350 V2 Zebra,WHITE/CORE BLACK/RED,220.0,2/25/17,150.00%,$706 ,2018-02-01 00:00:00,10:53 AM EST,9.5,550.0
Adidas,adidas Yeezy Boost 350 V2 Zebra,WHITE/CORE BLACK/RED,220.0,2/25/17,150.00%,$706 ,2018-02-01 00:00:00,10:47 AM EST,11,570.0
Adidas,adidas Yeezy Boost 350 V2 Zebra,WHITE/CORE BLACK/RED,220.0,2/25/17,150.00%,$706 ,2018-02-01 00:00:00,10:38 AM EST,12,560.0
Adidas,adidas Yeezy Boost 350 V2 Zebra,WHITE/CORE BLACK/RED,220.0,2/25/17,150.00%,$706 ,2018-02-01 00:00:00,10:06 AM EST,9.5,540.0
Adidas,adidas Yeezy Boost 350 V2 Zebra,WHITE/CORE BLACK/RED,220.0,2/25/17,150.00%,$706 ,2018-02-01 00:00:00,9:27 AM EST,10,550.0
Adidas,adidas Yeezy Boost 350 V2 Zebra,WHITE/CORE BLACK/RED,220.0,2/25/17,150.00%,$706 ,2018-02-01 00:00:00,8:47 AM EST,12,595.0
Adidas,adidas Yeezy Boost 350 V2 Zebra,WHITE/CORE BLACK/RED,220.0,2/25/17,150.00%,$706 ,2018-02-01 00:00:00,8:33 AM EST,10.5,525.0
Adidas,adidas Yeezy Boost 350 V2 Zebra,WHITE/CORE BLACK/RED,220.0,2/25/17,150.00%,$706 ,2018-01-31 00:00:00,9:59 PM EST,10.5,560.0
Adidas,adidas Yeezy Boost 350 V2 Zebra,WHITE/CORE BLACK/RED,220.0,2/25/17,150.00%,$706 ,2018-01-31 00:00:00,9:39 PM EST,14,585.0
Adidas,adidas Yeezy Boost 350 V2 Zebra,WHITE/CORE BLACK/RED,220.0,2/25/17,150.00%,$706 ,2018-01-31 00:00:00,8:55 PM EST,9,536.0
Adidas,adidas Yeezy Boost 350 V2 Zebra,WHITE/CORE BLACK/RED,220.0,2/25/17,150.00%,$706 ,2018-01-31 00:00:00,6:03 PM EST,9.5,559.0
Adidas,adidas Yeezy Boost 350 V2 Zebra,WHITE/CORE BLACK/RED,220.0,2/25/17,150.00%,$706 ,2018-01-31 00:00:00,4:45 PM EST,8.5,539.0
Adidas,adidas Yeezy Boost 350 V2 Zebra,WHITE/CORE BLACK/RED,220.0,2/25/17,150.00%,$706 ,2018-01-31 00:00:00,4:05 PM EST,7.5,540.0
Adidas,adidas Yeezy Boost 350 V2 Zebra,WHITE/CORE BLACK/RED,220.0,2/25/17,150.00%,$706 ,2018-01-31 00:00:00,4:00 PM EST,11.5,545.0
Adidas,adidas Yeezy Boost 350 V2 Zebra,WHITE/CORE BLACK/RED,220.0,2/25/17,150.00%,$706 ,2018-01-31 00:00:00,3:50 PM EST,9.5,533.0
Adidas,adidas Yeezy Boost 350 V2 Zebra,WHITE/CORE BLACK/RED,220.0,2/25/17,150.00%,$706 ,2018-01-31 00:00:00,3:31 PM EST,10.5,570.0
Adidas,adidas Yeezy Boost 350 V2 Zebra,WHITE/CORE BLACK/RED,220.0,2/25/17,150.00%,$706 ,2018-01-31 00:00:00,3:18 PM EST,10.5,562.0
Adidas,adidas Yeezy Boost 350 V2 Zebra,WHITE/CORE BLACK/RED,220.0,2/25/17,150.00%,$706 ,2018-01-31 00:00:00,2:52 PM EST,9.5,525.0
Adidas,adidas Yeezy Boost 350 V2 Zebra,WHITE/CORE BLACK/RED,220.0,2/25/17,150.00%,$706 ,2018-01-31 00:00:00,2:44 PM EST,8.5,535.0
Adidas,adidas Yeezy Boost 350 V2 Zebra,WHITE/CORE BLACK/RED,220.0,2/25/17,150.00%,$706 ,2018-01-31 00:00:00,2:32 PM EST,10,531.0
Adidas,adidas Yeezy Boost 350 V2 Zebra,WHITE/CORE BLACK/RED,220.0,2/25/17,150.00%,$706 ,2018-01-31 00:00:00,2:24 PM EST,10.5,522.0
Adidas,adidas Yeezy Boost 350 V2 Zebra,WHITE/CORE BLACK/RED,220.0,2/25/17,150.00%,$706 ,2018-01-31 00:00:00,2:12 PM EST,10.5,569.0
Adidas,adidas Yeezy Boost 350 V2 Zebra,WHITE/CORE BLACK/RED,220.0,2/25/17,150.00%,$706 ,2018-01-31 00:00:00,2:09 PM EST,12,595.0
Adidas,adidas Yeezy Boost 350 V2 Zebra,WHITE/CORE BLACK/RED,220.0,2/25/17,150.00%,$706 ,2018-01-31 00:00:00,2:08 PM EST,13,560.0
Adidas,adidas Yeezy Boost 350 V2 Zebra,WHITE/CORE BLACK/RED,220.0,2/25/17,150.00%,$706 ,2018-01-31 00:00:00,1:39 PM EST,8,523.0
Adidas,adidas Yeezy Boost 350 V2 Zebra,WHITE/CORE BLACK/RED,220.0,2/25/17,150.00%,$706 ,2018-01-31 00:00:00,1:36 PM EST,12,555.0
Adidas,adidas Yeezy Boost 350 V2 Zebra,WHITE/CORE BLACK/RED,220.0,2/25/17,150.00%,$706 ,2018-01-31 00:00:00,1:35 PM EST,10,536.0
Adidas,adidas Yeezy Boost 350 V2 Zebra,WHITE/CORE BLACK/RED,220.0,2/25/17,150.00%,$706 ,2018-01-31 00:00:00,1:35 PM EST,10,545.0
Adidas,adidas Yeezy Boost 350 V2 Zebra,WHITE/CORE BLACK/RED,220.0,2/25/17,150.00%,$706 ,2018-01-31 00:00:00,1:32 PM EST,11,584.0
Adidas,adidas Yeezy Boost 350 V2 Zebra,WHITE/CORE BLACK/RED,220.0,2/25/17,150.00%,$706 ,2018-01-31 00:00:00,1:23 PM EST,9.5,560.0
Adidas,adidas Yeezy Boost 350 V2 Zebra,WHITE/CORE BLACK/RED,220.0,2/25/17,150.00%,$706 ,2018-01-31 00:00:00,1:22 PM EST,9.5,550.0
Adidas,adidas Yeezy Boost 350 V2 Zebra,WHITE/CORE BLACK/RED,220.0,2/25/17,150.00%,$706 ,2018-01-31 00:00:00,11:55 AM EST,11,579.0
Adidas,adidas Yeezy Boost 350 V2 Zebra,WHITE/CORE BLACK/RED,220.0,2/25/17,150.00%,$706 ,2018-01-31 00:00:00,11:47 AM EST,12,580.0
Adidas,adidas Yeezy Boost 350 V2 Zebra,WHITE/CORE BLACK/RED,220.0,2/25/17,150.00%,$706 ,2018-01-31 00:00:00,11:35 AM EST,8,490.0
Adidas,adidas Yeezy Boost 350 V2 Zebra,WHITE/CORE BLACK/RED,220.0,2/25/17,150.00%,$706 ,2018-01-31 00:00:00,11:27 AM EST,9,535.0
Adidas,adidas Yeezy Boost 350 V2 Zebra,WHITE/CORE BLACK/RED,220.0,2/25/17,150.00%,$706 ,2018-01-31 00:00:00,11:26 AM EST,10.5,560.0
Adidas,adidas Yeezy Boost 350 V2 Zebra,WHITE/CORE BLACK/RED,220.0,2/25/17,150.00%,$706 ,2018-01-31 00:00:00,11:19 AM EST,12,550.0
Adidas,adidas Yeezy Boost 350 V2 Zebra,WHITE/CORE BLACK/RED,220.0,2/25/17,150.00%,$706 ,2018-01-31 00:00:00,10:50 AM EST,10.5,526.0
Adidas,adidas Yeezy Boost 350 V2 Zebra,WHITE/CORE BLACK/RED,220.0,2/25/17,150.00%,$706 ,2018-01-31 00:00:00,9:34 AM EST,9.5,555.0
Adidas,adidas Yeezy Boost 350 V2 Zebra,WHITE/CORE BLACK/RED,220.0,2/25/17,150.00%,$706 ,2018-01-31 00:00:00,9:11 AM EST,9.5,559.0
Adidas,adidas Yeezy Boost 350 V2 Zebra,WHITE/CORE BLACK/RED,220.0,2/25/17,150.00%,$706 ,2018-01-31 00:00:00,9:02 AM EST,8,523.0
Adidas,adidas Yeezy Boost 350 V2 Zebra,WHITE/CORE BLACK/RED,220.0,2/25/17,150.00%,$706 ,2018-01-31 00:00:00,8:40 AM EST,11.5,580.0
Adidas,adidas Yeezy Boost 350 V2 Zebra,WHITE/CORE BLACK/RED,220.0,2/25/17,150.00%,$706 ,2018-01-30 00:00:00,5:41 PM EST,14,660.0
Adidas,adidas Yeezy Boost 350 V2 Zebra,WHITE/CORE BLACK/RED,220.0,2/25/17,150.00%,$706 ,2018-01-30 00:00:00,4:43 PM EST,11.5,560.0
Adidas,adidas Yeezy Boost 350 V2 Zebra,WHITE/CORE BLACK/RED,220.0,2/25/17,150.00%,$706 ,2018-01-30 00:00:00,3:51 PM EST,8.5,536.0
Adidas,adidas Yeezy Boost 350 V2 Zebra,WHITE/CORE BLACK/RED,220.0,2/25/17,150.00%,$706 ,2018-01-30 00:00:00,3:08 PM EST,12,530.0
Adidas,adidas Yeezy Boost 350 V2 Zebra,WHITE/CORE BLACK/RED,220.0,2/25/17,150.00%,$706 ,2018-01-30 00:00:00,2:33 PM EST,14,501.0
Adidas,adidas Yeezy Boost 350 V2 Zebra,WHITE/CORE BLACK/RED,220.0,2/25/17,150.00%,$706 ,2018-01-30 00:00:00,2:03 PM EST,11.5,589.0
Adidas,adidas Yeezy Boost 350 V2 Zebra,WHITE/CORE BLACK/RED,220.0,2/25/17,150.00%,$706 ,2018-01-30 00:00:00,1:46 PM EST,9,510.0
Adidas,adidas Yeezy Boost 350 V2 Zebra,WHITE/CORE BLACK/RED,220.0,2/25/17,150.00%,$706 ,2018-01-30 00:00:00,1:28 PM EST,10.5,564.0
Adidas,adidas Yeezy Boost 350 V2 Zebra,WHITE/CORE BLACK/RED,220.0,2/25/17,150.00%,$706 ,2018-01-30 00:00:00,12:56 PM EST,9,533.0
Adidas,adidas Yeezy Boost 350 V2 Zebra,WHITE/CORE BLACK/RED,220.0,2/25/17,150.00%,$706 ,2018-01-30 00:00:00,12:51 PM EST,8.5,538.0
Adidas,adidas Yeezy Boost 350 V2 Zebra,WHITE/CORE BLACK/RED,220.0,2/25/17,150.00%,$706 ,2018-01-30 00:00:00,12:25 PM EST,9.5,555.0
Adidas,adidas Yeezy Boost 350 V2 Zebra,WHITE/CORE BLACK/RED,220.0,2/25/17,150.00%,$706 ,2018-01-30 00:00:00,12:25 PM EST,10.5,560.0
Adidas,adidas Yeezy Boost 350 V2 Zebra,WHITE/CORE BLACK/RED,220.0,2/25/17,150.00%,$706 ,2018-01-30 00:00:00,12:19 PM EST,11.5,556.0
Adidas,adidas Yeezy Boost 350 V2 Zebra,WHITE/CORE BLACK/RED,220.0,2/25/17,150.00%,$706 ,2018-01-30 00:00:00,11:53 AM EST,10,559.0
Adidas,adidas Yeezy Boost 350 V2 Zebra,WHITE/CORE BLACK/RED,220.0,2/25/17,150.00%,$706 ,2018-01-30 00:00:00,11:41 AM EST,13,561.0
Adidas,adidas Yeezy Boost 350 V2 Zebra,WHITE/CORE BLACK/RED,220.0,2/25/17,150.00%,$706 ,2018-01-30 00:00:00,11:36 AM EST,11.5,580.0
Adidas,adidas Yeezy Boost 350 V2 Zebra,WHITE/CORE BLACK/RED,220.0,2/25/17,150.00%,$706 ,2018-01-30 00:00:00,11:24 AM EST,11.5,585.0
Adidas,adidas Yeezy Boost 350 V2 Zebra,WHITE/CORE BLACK/RED,220.0,2/25/17,150.00%,$706 ,2018-01-30 00:00:00,11:04 AM EST,12,565.0
Adidas,adidas Yeezy Boost 350 V2 Zebra,WHITE/CORE BLACK/RED,220.0,2/25/17,150.00%,$706 ,2018-01-30 00:00:00,10:58 AM EST,10,540.0
Adidas,adidas Yeezy Boost 350 V2 Zebra,WHITE/CORE BLACK/RED,220.0,2/25/17,150.00%,$706 ,2018-01-30 00:00:00,10:50 AM EST,14,565.0
Adidas,adidas Yeezy Boost 350 V2 Zebra,WHITE/CORE BLACK/RED,220.0,2/25/17,150.00%,$706 ,2018-01-30 00:00:00,10:41 AM EST,11,550.0
Adidas,adidas Yeezy Boost 350 V2 Zebra,WHITE/CORE BLACK/RED,220.0,2/25/17,150.00%,$706 ,2018-01-30 00:00:00,9:34 AM EST,11,575.0
Adidas,adidas Yeezy Boost 350 V2 Zebra,WHITE/CORE BLACK/RED,220.0,2/25/17,150.00%,$706 ,2018-01-30 00:00:00,9:21 AM EST,11.5,584.0
Adidas,adidas Yeezy Boost 350 V2 Zebra,WHITE/CORE BLACK/RED,220.0,2/25/17,150.00%,$706 ,2018-01-30 00:00:00,8:29 AM EST,9,540.0
Adidas,adidas Yeezy Boost 350 V2 Zebra,WHITE/CORE BLACK/RED,220.0,2/25/17,150.00%,$706 ,2018-01-30 00:00:00,8:28 AM EST,12,599.0
Adidas,adidas Yeezy Boost 350 V2 Zebra,WHITE/CORE BLACK/RED,220.0,2/25/17,150.00%,$706 ,2018-01-30 00:00:00,6:07 AM EST,14,660.0
Adidas,adidas Yeezy Boost 350 V2 Zebra,WHITE/CORE BLACK/RED,220.0,2/25/17,150.00%,$706 ,2018-01-29 00:00:00,5:14 PM EST,9,520.0
Adidas,adidas Yeezy Boost 350 V2 Zebra,WHITE/CORE BLACK/RED,220.0,2/25/17,150.00%,$706 ,2018-01-29 00:00:00,5:06 PM EST,10,560.0
Adidas,adidas Yeezy Boost 350 V2 Zebra,WHITE/CORE BLACK/RED,220.0,2/25/17,150.00%,$706 ,2018-01-29 00:00:00,5:06 PM EST,10.5,565.0
Adidas,adidas Yeezy Boost 350 V2 Zebra,WHITE/CORE BLACK/RED,220.0,2/25/17,150.00%,$706 ,2018-01-29 00:00:00,4:10 PM EST,8.5,540.0
Adidas,adidas Yeezy Boost 350 V2 Zebra,WHITE/CORE BLACK/RED,220.0,2/25/17,150.00%,$706 ,2018-01-29 00:00:00,3:55 PM EST,8.5,520.0
Adidas,adidas Yeezy Boost 350 V2 Zebra,WHITE/CORE BLACK/RED,220.0,2/25/17,150.00%,$706 ,2018-01-29 00:00:00,3:09 PM EST,9,531.0
Adidas,adidas Yeezy Boost 350 V2 Zebra,WHITE/CORE BLACK/RED,220.0,2/25/17,150.00%,$706 ,2018-01-29 00:00:00,2:55 PM EST,9,511.0
Adidas,adidas Yeezy Boost 350 V2 Zebra,WHITE/CORE BLACK/RED,220.0,2/25/17,150.00%,$706 ,2018-01-29 00:00:00,2:09 PM EST,8.5,540.0
Adidas,adidas Yeezy Boost 350 V2 Zebra,WHITE/CORE BLACK/RED,220.0,2/25/17,150.00%,$706 ,2018-01-29 00:00:00,1:19 PM EST,7,567.0
Adidas,adidas Yeezy Boost 350 V2 Zebra,WHITE/CORE BLACK/RED,220.0,2/25/17,150.00%,$706 ,2018-01-29 00:00:00,12:22 PM EST,14,563.0
Adidas,adidas Yeezy Boost 350 V2 Zebra,WHITE/CORE BLACK/RED,220.0,2/25/17,150.00%,$706 ,2018-01-29 00:00:00,11:54 AM EST,13,600.0
Adidas,adidas Yeezy Boost 350 V2 Zebra,WHITE/CORE BLACK/RED,220.0,2/25/17,150.00%,$706 ,2018-01-29 00:00:00,11:45 AM EST,9.5,559.0
Adidas,adidas Yeezy Boost 350 V2 Zebra,WHITE/CORE BLACK/RED,220.0,2/25/17,150.00%,$706 ,2018-01-29 00:00:00,11:25 AM EST,12,529.0
Adidas,adidas Yeezy Boost 350 V2 Zebra,WHITE/CORE BLACK/RED,220.0,2/25/17,150.00%,$706 ,2018-01-29 00:00:00,11:23 AM EST,9.5,564.0
Adidas,adidas Yeezy Boost 350 V2 Zebra,WHITE/CORE BLACK/RED,220.0,2/25/17,150.00%,$706 ,2018-01-29 00:00:00,9:50 AM EST,8.5,520.0
Adidas,adidas Yeezy Boost 350 V2 Zebra,WHITE/CORE BLACK/RED,220.0,2/25/17,150.00%,$706 ,2018-01-29 00:00:00,9:40 AM EST,9.5,530.0
Adidas,adidas Yeezy Boost 350 V2 Zebra,WHITE/CORE BLACK/RED,220.0,2/25/17,150.00%,$706 ,2018-01-29 00:00:00,8:57 AM EST,12,599.0
Adidas,adidas Yeezy Boost 350 V2 Zebra,WHITE/CORE BLACK/RED,220.0,2/25/17,150.00%,$706 ,2018-01-29 00:00:00,8:47 AM EST,11,580.0
Adidas,adidas Yeezy Boost 350 V2 Zebra,WHITE/CORE BLACK/RED,220.0,2/25/17,150.00%,$706 ,2018-01-29 00:00:00,8:46 AM EST,10,549.0
Adidas,adidas Yeezy Boost 350 V2 Zebra,WHITE/CORE BLACK/RED,220.0,2/25/17,150.00%,$706 ,2018-01-29 00:00:00,8:22 AM EST,14,503.0
Adidas,adidas Yeezy Boost 350 V2 Zebra,WHITE/CORE BLACK/RED,220.0,2/25/17,150.00%,$706 ,2018-01-29 00:00:00,8:05 AM EST,10,550.0
Adidas,adidas Yeezy Boost 350 V2 Zebra,WHITE/CORE BLACK/RED,220.0,2/25/17,150.00%,$706 ,2018-01-26 00:00:00,4:57 PM EST,13,580.0
Adidas,adidas Yeezy Boost 350 V2 Zebra,WHITE/CORE BLACK/RED,220.0,2/25/17,150.00%,$706 ,2018-01-26 00:00:00,4:38 PM EST,12,580.0
Adidas,adidas Yeezy Boost 350 V2 Zebra,WHITE/CORE BLACK/RED,220.0,2/25/17,150.00%,$706 ,2018-01-26 00:00:00,4:32 PM EST,10.5,551.0
Adidas,adidas Yeezy Boost 350 V2 Zebra,WHITE/CORE BLACK/RED,220.0,2/25/17,150.00%,$706 ,2018-01-26 00:00:00,3:56 PM EST,9.5,559.0
Adidas,adidas Yeezy Boost 350 V2 Zebra,WHITE/CORE BLACK/RED,220.0,2/25/17,150.00%,$706 ,2018-01-26 00:00:00,3:40 PM EST,6,625.0
Adidas,adidas Yeezy Boost 350 V2 Zebra,WHITE/CORE BLACK/RED,220.0,2/25/17,150.00%,$706 ,2018-01-26 00:00:00,3:28 PM EST,10,532.0
Adidas,adidas Yeezy Boost 350 V2 Zebra,WHITE/CORE BLACK/RED,220.0,2/25/17,150.00%,$706 ,2018-01-26 00:00:00,2:58 PM EST,9,511.0
Adidas,adidas Yeezy Boost 350 V2 Zebra,WHITE/CORE BLACK/RED,220.0,2/25/17,150.00%,$706 ,2018-01-26 00:00:00,2:58 PM EST,8,495.0
Adidas,adidas Yeezy Boost 350 V2 Zebra,WHITE/CORE BLACK/RED,220.0,2/25/17,150.00%,$706 ,2018-01-26 00:00:00,2:36 PM EST,12,580.0
Adidas,adidas Yeezy Boost 350 V2 Zebra,WHITE/CORE BLACK/RED,220.0,2/25/17,150.00%,$706 ,2018-01-26 00:00:00,1:49 PM EST,11.5,590.0
Adidas,adidas Yeezy Boost 350 V2 Zebra,WHITE/CORE BLACK/RED,220.0,2/25/17,150.00%,$706 ,2018-01-26 00:00:00,1:40 PM EST,8.5,540.0
Adidas,adidas Yeezy Boost 350 V2 Zebra,WHITE/CORE BLACK/RED,220.0,2/25/17,150.00%,$706 ,2018-01-26 00:00:00,12:47 PM EST,12,595.0
Adidas,adidas Yeezy Boost 350 V2 Zebra,WHITE/CORE BLACK/RED,220.0,2/25/17,150.00%,$706 ,2018-01-26 00:00:00,12:11 PM EST,13,605.0
Adidas,adidas Yeezy Boost 350 V2 Zebra,WHITE/CORE BLACK/RED,220.0,2/25/17,150.00%,$706 ,2018-01-26 00:00:00,12:11 PM EST,10,534.0
Adidas,adidas Yeezy Boost 350 V2 Zebra,WHITE/CORE BLACK/RED,220.0,2/25/17,150.00%,$706 ,2018-01-26 00:00:00,12:11 PM EST,14,550.0
Adidas,adidas Yeezy Boost 350 V2 Zebra,WHITE/CORE BLACK/RED,220.0,2/25/17,150.00%,$706 ,2018-01-26 00:00:00,12:10 PM EST,13,608.0
Adidas,adidas Yeezy Boost 350 V2 Zebra,WHITE/CORE BLACK/RED,220.0,2/25/17,150.00%,$706 ,2018-01-26 00:00:00,8:40 AM EST,8.5,533.0
Adidas,adidas Yeezy Boost 350 V2 Zebra,WHITE/CORE BLACK/RED,220.0,2/25/17,150.00%,$706 ,2018-01-26 00:00:00,8:33 AM EST,9,530.0
Adidas,adidas Yeezy Boost 350 V2 Zebra,WHITE/CORE BLACK/RED,220.0,2/25/17,150.00%,$706 ,2018-01-26 00:00:00,8:26 AM EST,10.5,563.0
Adidas,adidas Yeezy Boost 350 V2 Zebra,WHITE/CORE BLACK/RED,220.0,2/25/17,150.00%,$706 ,2018-01-25 00:00:00,5:32 PM EST,10,561.0
Adidas,adidas Yeezy Boost 350 V2 Zebra,WHITE/CORE BLACK/RED,220.0,2/25/17,150.00%,$706 ,2018-01-25 00:00:00,5:16 PM EST,9.5,558.0
Adidas,adidas Yeezy Boost 350 V2 Zebra,WHITE/CORE BLACK/RED,220.0,2/25/17,150.00%,$706 ,2018-01-25 00:00:00,5:12 PM EST,12,579.0
Adidas,adidas Yeezy Boost 350 V2 Zebra,WHITE/CORE BLACK/RED,220.0,2/25/17,150.00%,$706 ,2018-01-25 00:00:00,4:46 PM EST,8.5,495.0
Adidas,adidas Yeezy Boost 350 V2 Zebra,WHITE/CORE BLACK/RED,220.0,2/25/17,150.00%,$706 ,2018-01-25 00:00:00,4:13 PM EST,7.5,550.0
Adidas,adidas Yeezy Boost 350 V2 Zebra,WHITE/CORE BLACK/RED,220.0,2/25/17,150.00%,$706 ,2018-01-25 00:00:00,4:05 PM EST,13,609.0
Adidas,adidas Yeezy Boost 350 V2 Zebra,WHITE/CORE BLACK/RED,220.0,2/25/17,150.00%,$706 ,2018-01-25 00:00:00,4:04 PM EST,9.5,560.0
Adidas,adidas Yeezy Boost 350 V2 Zebra,WHITE/CORE BLACK/RED,220.0,2/25/17,150.00%,$706 ,2018-01-25 00:00:00,3:58 PM EST,9,518.0
Adidas,adidas Yeezy Boost 350 V2 Zebra,WHITE/CORE BLACK/RED,220.0,2/25/17,150.00%,$706 ,2018-01-25 00:00:00,3:10 PM EST,9,529.0
Adidas,adidas Yeezy Boost 350 V2 Zebra,WHITE/CORE BLACK/RED,220.0,2/25/17,150.00%,$706 ,2018-01-25 00:00:00,2:14 PM EST,9.5,560.0
Adidas,adidas Yeezy Boost 350 V2 Zebra,WHITE/CORE BLACK/RED,220.0,2/25/17,150.00%,$706 ,2018-01-25 00:00:00,2:05 PM EST,9,512.0
Adidas,adidas Yeezy Boost 350 V2 Zebra,WHITE/CORE BLACK/RED,220.0,2/25/17,150.00%,$706 ,2018-01-25 00:00:00,1:58 PM EST,7,560.0
Adidas,adidas Yeezy Boost 350 V2 Zebra,WHITE/CORE BLACK/RED,220.0,2/25/17,150.00%,$706 ,2018-01-25 00:00:00,1:53 PM EST,12,585.0
Adidas,adidas Yeezy Boost 350 V2 Zebra,WHITE/CORE BLACK/RED,220.0,2/25/17,150.00%,$706 ,2018-01-25 00:00:00,1:26 PM EST,9,530.0
Adidas,adidas Yeezy Boost 350 V2 Zebra,WHITE/CORE BLACK/RED,220.0,2/25/17,150.00%,$706 ,2018-01-25 00:00:00,1:23 PM EST,11,565.0
Adidas,adidas Yeezy Boost 350 V2 Zebra,WHITE/CORE BLACK/RED,220.0,2/25/17,150.00%,$706 ,2018-01-25 00:00:00,1:10 PM EST,10,565.0
Adidas,adidas Yeezy Boost 350 V2 Zebra,WHITE/CORE BLACK/RED,220.0,2/25/17,150.00%,$706 ,2018-01-25 00:00:00,12:57 PM EST,8.5,535.0
Adidas,adidas Yeezy Boost 350 V2 Zebra,WHITE/CORE BLACK/RED,220.0,2/25/17,150.00%,$706 ,2018-01-25 00:00:00,12:50 PM EST,14,559.0
Adidas,adidas Yeezy Boost 350 V2 Zebra,WHITE/CORE BLACK/RED,220.0,2/25/17,150.00%,$706 ,2018-01-25 00:00:00,12:40 PM EST,8.5,515.0
Adidas,adidas Yeezy Boost 350 V2 Zebra,WHITE/CORE BLACK/RED,220.0,2/25/17,150.00%,$706 ,2018-01-25 00:00:00,12:11 PM EST,12,590.0
Adidas,adidas Yeezy Boost 350 V2 Zebra,WHITE/CORE BLACK/RED,220.0,2/25/17,150.00%,$706 ,2018-01-25 00:00:00,11:57 AM EST,11,550.0
Adidas,adidas Yeezy Boost 350 V2 Zebra,WHITE/CORE BLACK/RED,220.0,2/25/17,150.00%,$706 ,2018-01-25 00:00:00,11:47 AM EST,11,590.0
Adidas,adidas Yeezy Boost 350 V2 Zebra,WHITE/CORE BLACK/RED,220.0,2/25/17,150.00%,$706 ,2018-01-25 00:00:00,11:40 AM EST,8.5,520.0
Adidas,adidas Yeezy Boost 350 V2 Zebra,WHITE/CORE BLACK/RED,220.0,2/25/17,150.00%,$706 ,2018-01-25 00:00:00,11:14 AM EST,7,560.0
Adidas,adidas Yeezy Boost 350 V2 Zebra,WHITE/CORE BLACK/RED,220.0,2/25/17,150.00%,$706 ,2018-01-25 00:00:00,11:04 AM EST,10,535.0
Adidas,adidas Yeezy Boost 350 V2 Zebra,WHITE/CORE BLACK/RED,220.0,2/25/17,150.00%,$706 ,2018-01-25 00:00:00,11:03 AM EST,9.5,545.0
Adidas,adidas Yeezy Boost 350 V2 Zebra,WHITE/CORE BLACK/RED,220.0,2/25/17,150.00%,$706 ,2018-01-25 00:00:00,10:54 AM EST,7.5,550.0
Adidas,adidas Yeezy Boost 350 V2 Zebra,WHITE/CORE BLACK/RED,220.0,2/25/17,150.00%,$706 ,2018-01-25 00:00:00,10:48 AM EST,11,575.0
Adidas,adidas Yeezy Boost 350 V2 Zebra,WHITE/CORE BLACK/RED,220.0,2/25/17,150.00%,$706 ,2018-01-25 00:00:00,10:25 AM EST,9.5,550.0
Adidas,adidas Yeezy Boost 350 V2 Zebra,WHITE/CORE BLACK/RED,220.0,2/25/17,150.00%,$706 ,2018-01-25 00:00:00,10:22 AM EST,9.5,540.0
Adidas,adidas Yeezy Boost 350 V2 Zebra,WHITE/CORE BLACK/RED,220.0,2/25/17,150.00%,$706 ,2018-01-25 00:00:00,10:18 AM EST,10.5,560.0
Adidas,adidas Yeezy Boost 350 V2 Zebra,WHITE/CORE BLACK/RED,220.0,2/25/17,150.00%,$706 ,2018-01-25 00:00:00,9:56 AM EST,11,578.0
Adidas,adidas Yeezy Boost 350 V2 Zebra,WHITE/CORE BLACK/RED,220.0,2/25/17,150.00%,$706 ,2018-01-25 00:00:00,9:52 AM EST,11,579.0
Adidas,adidas Yeezy Boost 350 V2 Zebra,WHITE/CORE BLACK/RED,220.0,2/25/17,150.00%,$706 ,2018-01-25 00:00:00,9:46 AM EST,6,630.0
Adidas,adidas Yeezy Boost 350 V2 Zebra,WHITE/CORE BLACK/RED,220.0,2/25/17,150.00%,$706 ,2018-01-25 00:00:00,9:25 AM EST,10.5,564.0
Adidas,adidas Yeezy Boost 350 V2 Zebra,WHITE/CORE BLACK/RED,220.0,2/25/17,150.00%,$706 ,2018-01-25 00:00:00,9:17 AM EST,11,578.0
Adidas,adidas Yeezy Boost 350 V2 Zebra,WHITE/CORE BLACK/RED,220.0,2/25/17,150.00%,$706 ,2018-01-25 00:00:00,8:43 AM EST,11,592.0
Adidas,adidas Yeezy Boost 350 V2 Zebra,WHITE/CORE BLACK/RED,220.0,2/25/17,150.00%,$706 ,2018-01-25 00:00:00,8:10 AM EST,11,590.0
Adidas,adidas Yeezy Boost 350 V2 Zebra,WHITE/CORE BLACK/RED,220.0,2/25/17,150.00%,$706 ,2018-01-24 00:00:00,8:09 PM EST,9.5,540.0
Adidas,adidas Yeezy Boost 350 V2 Zebra,WHITE/CORE BLACK/RED,220.0,2/25/17,150.00%,$706 ,2018-01-24 00:00:00,8:00 PM EST,11.5,585.0
Adidas,adidas Yeezy Boost 350 V2 Zebra,WHITE/CORE BLACK/RED,220.0,2/25/17,150.00%,$706 ,2018-01-24 00:00:00,7:50 PM EST,10.5,557.0
Adidas,adidas Yeezy Boost 350 V2 Zebra,WHITE/CORE BLACK/RED,220.0,2/25/17,150.00%,$706 ,2018-01-24 00:00:00,7:48 PM EST,7,560.0
Adidas,adidas Yeezy Boost 350 V2 Zebra,WHITE/CORE BLACK/RED,220.0,2/25/17,150.00%,$706 ,2018-01-24 00:00:00,7:35 PM EST,10,549.0
Adidas,adidas Yeezy Boost 350 V2 Zebra,WHITE/CORE BLACK/RED,220.0,2/25/17,150.00%,$706 ,2018-01-24 00:00:00,6:56 PM EST,8.5,534.0
Adidas,adidas Yeezy Boost 350 V2 Zebra,WHITE/CORE BLACK/RED,220.0,2/25/17,150.00%,$706 ,2018-01-24 00:00:00,4:55 PM EST,8.5,520.0
Adidas,adidas Yeezy Boost 350 V2 Zebra,WHITE/CORE BLACK/RED,220.0,2/25/17,150.00%,$706 ,2018-01-24 00:00:00,4:50 PM EST,9,530.0
Adidas,adidas Yeezy Boost 350 V2 Zebra,WHITE/CORE BLACK/RED,220.0,2/25/17,150.00%,$706 ,2018-01-24 00:00:00,4:43 PM EST,9.5,550.0
Adidas,adidas Yeezy Boost 350 V2 Zebra,WHITE/CORE BLACK/RED,220.0,2/25/17,150.00%,$706 ,2018-01-24 00:00:00,4:32 PM EST,11.5,584.0
Adidas,adidas Yeezy Boost 350 V2 Zebra,WHITE/CORE BLACK/RED,220.0,2/25/17,150.00%,$706 ,2018-01-24 00:00:00,4:32 PM EST,9,516.0
Adidas,adidas Yeezy Boost 350 V2 Zebra,WHITE/CORE BLACK/RED,220.0,2/25/17,150.00%,$706 ,2018-01-24 00:00:00,4:32 PM EST,9.5,512.0
Adidas,adidas Yeezy Boost 350 V2 Zebra,WHITE/CORE BLACK/RED,220.0,2/25/17,150.00%,$706 ,2018-01-24 00:00:00,4:18 PM EST,10.5,560.0
Adidas,adidas Yeezy Boost 350 V2 Zebra,WHITE/CORE BLACK/RED,220.0,2/25/17,150.00%,$706 ,2018-01-24 00:00:00,4:11 PM EST,6,635.0
Adidas,adidas Yeezy Boost 350 V2 Zebra,WHITE/CORE BLACK/RED,220.0,2/25/17,150.00%,$706 ,2018-01-24 00:00:00,3:47 PM EST,14,502.0
Adidas,adidas Yeezy Boost 350 V2 Zebra,WHITE/CORE BLACK/RED,220.0,2/25/17,150.00%,$706 ,2018-01-24 00:00:00,3:42 PM EST,11.5,583.0
Adidas,adidas Yeezy Boost 350 V2 Zebra,WHITE/CORE BLACK/RED,220.0,2/25/17,150.00%,$706 ,2018-01-24 00:00:00,3:30 PM EST,10.5,559.0
Adidas,adidas Yeezy Boost 350 V2 Zebra,WHITE/CORE BLACK/RED,220.0,2/25/17,150.00%,$706 ,2018-01-24 00:00:00,3:17 PM EST,8,481.0
Adidas,adidas Yeezy Boost 350 V2 Zebra,WHITE/CORE BLACK/RED,220.0,2/25/17,150.00%,$706 ,2018-01-24 00:00:00,3:09 PM EST,12,598.0
Adidas,adidas Yeezy Boost 350 V2 Zebra,WHITE/CORE BLACK/RED,220.0,2/25/17,150.00%,$706 ,2018-01-24 00:00:00,2:54 PM EST,9,539.0
Adidas,adidas Yeezy Boost 350 V2 Zebra,WHITE/CORE BLACK/RED,220.0,2/25/17,150.00%,$706 ,2018-01-24 00:00:00,2:33 PM EST,9,516.0
Adidas,adidas Yeezy Boost 350 V2 Zebra,WHITE/CORE BLACK/RED,220.0,2/25/17,150.00%,$706 ,2018-01-24 00:00:00,2:18 PM EST,10.5,550.0
Adidas,adidas Yeezy Boost 350 V2 Zebra,WHITE/CORE BLACK/RED,220.0,2/25/17,150.00%,$706 ,2018-01-24 00:00:00,2:14 PM EST,8.5,534.0
Adidas,adidas Yeezy Boost 350 V2 Zebra,WHITE/CORE BLACK/RED,220.0,2/25/17,150.00%,$706 ,2018-01-24 00:00:00,1:57 PM EST,8,515.0
Adidas,adidas Yeezy Boost 350 V2 Zebra,WHITE/CORE BLACK/RED,220.0,2/25/17,150.00%,$706 ,2018-01-24 00:00:00,1:55 PM EST,10.5,523.0
